--Them role

INSERT INTO roles (role_id, role_name) VALUES (1, 'citizen');
INSERT INTO roles (role_id, role_name) VALUES (2, 'accountant');
INSERT INTO roles (role_id, role_name) VALUES (3, 'manager');


--Them User voi role la citizen
INSERT INTO users (user_id,username, password, email, phone, role_id, fullname, created_at, updated_at)
VALUES ('1','wwilson', '#3G)Vz$3$4oS', 'zdawson@yahoo.com', '0351887939', 1, 'Jessica Lee', '2025-05-09 14:32:39', '2025-05-09 14:32:39');        
INSERT INTO users (user_id,username, password, email, phone, role_id, fullname, created_at, updated_at)
VALUES ('2','edward73', ')yRaT_lEU^n6', 'lawrencecarol@yahoo.com', '0343191544', 1, 'Donna Walsh', '2025-05-09 14:32:39', '2025-05-09 14:32:39'); 
INSERT INTO users (user_id,username, password, email, phone, role_id, fullname, created_at, updated_at)
VALUES ('3','martinmary', 'Qp&BXinSUi4!', 'rebekah85@gmail.com', '0508145054', 1, 'Carla Mosley', '2025-05-09 14:32:39', '2025-05-09 14:32:39');  
INSERT INTO users (user_id,username, password, email, phone, role_id, fullname, created_at, updated_at)
VALUES ('4','russelldean', '80sTui0h$TIV', 'avilaannette@yahoo.com', '0384708486', 1, 'Stephen Summers', '2025-05-09 14:32:39', '2025-05-09 14:32:39');
INSERT INTO users (user_id,username, password, email, phone, role_id, fullname, created_at, updated_at)
VALUES ('5','knightgloria', '$*SL)mzc4I!L', 'hollygill@yahoo.com', '0720268076', 1, 'Bruce Shaffer', '2025-05-09 14:32:39', '2025-05-09 14:32:39');
INSERT INTO users (user_id,username, password, email, phone, role_id, fullname, created_at, updated_at)
VALUES ('6','rnash', '&b4JhmkHFvS2', 'stephanie20@gmail.com', '0864095877', 1, 'Marie Levy', '2025-05-09 14:32:39', '2025-05-09 14:32:39');       
INSERT INTO users (user_id,username, password, email, phone, role_id, fullname, created_at, updated_at)
VALUES ('7','kjones', 'Y$s6Ne@D$l2n', 'diana44@gmail.com', '0698857222', 1, 'Sandra Horn', '2025-05-09 14:32:39', '2025-05-09 14:32:39');
INSERT INTO users (user_id,username, password, email, phone, role_id, fullname, created_at, updated_at)
VALUES ('8','natalieserrano', '#lKMMzYG50@U', 'hilljamie@yahoo.com', '0901634397', 1, 'Sharon Rodriguez', '2025-05-09 14:32:39', '2025-05-09 14:32:39');
INSERT INTO users (user_id,username, password, email, phone, role_id, fullname, created_at, updated_at)
VALUES ('9','vcarpenter', '@3Bzq_)wl8IZ', 'elijah42@hotmail.com', '0766071399', 1, 'Danielle Villanueva', '2025-05-09 14:32:39', '2025-05-09 14:32:39');
INSERT INTO users (user_id,username, password, email, phone, role_id, fullname, created_at, updated_at)
VALUES ('10','teresaanderson', '!T$EqR3BE267', 'rhondajones@hotmail.com', '0611294046', 1, 'Helen Young', '2025-05-09 14:32:39', '2025-05-09 14:32:39');
INSERT INTO users (user_id,username, password, email, phone, role_id, fullname, created_at, updated_at)
VALUES ('11','rodneydunn', 'k^F1SOqhYZV5', 'garciaconnor@gmail.com', '0366880499', 1, 'Brittany Hurley', '2025-05-09 14:32:39', '2025-05-09 14:32:39');
INSERT INTO users (user_id,username, password, email, phone, role_id, fullname, created_at, updated_at)
VALUES ('12','harrybradley', 'q+59j&ECvoFp', 'mbrewer@yahoo.com', '0421150382', 1, 'Derek Rodriguez', '2025-05-09 14:32:39', '2025-05-09 14:32:39');
INSERT INTO users (user_id,username, password, email, phone, role_id, fullname, created_at, updated_at)
VALUES ('13','mcintyrelaura', 'Dc4iePzq)P8K', 'jimmy12@gmail.com', '0844549860', 1, 'Melissa Woods', '2025-05-09 14:32:39', '2025-05-09 14:32:39');
INSERT INTO users (user_id,username, password, email, phone, role_id, fullname, created_at, updated_at)
VALUES ('14','perkinstyler', '#2O2N0^7*q$U', 'kathleen52@yahoo.com', '0547927702', 1, 'Mary Boyd', '2025-05-09 14:32:39', '2025-05-09 14:32:39'); 
INSERT INTO users (user_id,username, password, email, phone, role_id, fullname, created_at, updated_at)
VALUES ('15','crawfordlarry', 'p_mxQ_Ql#6F6', 'johnsonshawn@yahoo.com', '0251410848', 1, 'Sarah Jackson', '2025-05-09 14:32:39', '2025-05-09 14:32:39');
INSERT INTO users (user_id,username, password, email, phone, role_id, fullname, created_at, updated_at)
VALUES ('16','millersamantha', '#vtngccq42Ui', 'mcintoshcarolyn@yahoo.com', '0483157261', 1, 'Tina Byrd', '2025-05-09 14:32:39', '2025-05-09 14:32:39');
INSERT INTO users (user_id,username, password, email, phone, role_id, fullname, created_at, updated_at)
VALUES ('17','cole28', 'mV4Pl)Sh_2$E', 'smithrobin@hotmail.com', '0682074043', 1, 'Heather Myers', '2025-05-09 14:32:39', '2025-05-09 14:32:39'); 
INSERT INTO users (user_id,username, password, email, phone, role_id, fullname, created_at, updated_at)
VALUES ('18','kenneth43', 'bGV9GNcK@5YL', 'brittanylewis@hotmail.com', '0381614770', 1, 'James Martinez', '2025-05-09 14:32:39', '2025-05-09 14:32:39');
INSERT INTO users (user_id,username, password, email, phone, role_id, fullname, created_at, updated_at)
VALUES ('19','curtismelissa', 'bu2idCwrI)69', 'blackmatthew@gmail.com', '0883409167', 1, 'James Parker', '2025-05-09 14:32:39', '2025-05-09 14:32:39');
INSERT INTO users (user_id,username, password, email, phone, role_id, fullname, created_at, updated_at)
VALUES ('20','gregoryspencer', '!E$Tvqi3#4AJ', 'tgonzalez@gmail.com', '0769103889', 1, 'Samantha Kidd', '2025-05-09 14:32:39', '2025-05-09 14:32:39');
INSERT INTO users (user_id,username, password, email, phone, role_id, fullname, created_at, updated_at)
VALUES ('21','qmedina', '1&lj+yKbK(5R', 'riverajames@gmail.com', '0847535294', 1, 'Tammy Phelps DVM', '2025-05-09 14:32:39', '2025-05-09 14:32:39');
INSERT INTO users (user_id,username, password, email, phone, role_id, fullname, created_at, updated_at)
VALUES ('22','michelehines', 'nH2D2JqvG(*6', 'christopherjames@yahoo.com', '0446509217', 1, 'Mrs. Tina Smith', '2025-05-09 14:32:39', '2025-05-09 14:32:39');
INSERT INTO users (user_id,username, password, email, phone, role_id, fullname, created_at, updated_at)
VALUES ('23','david48', '%(P0X_zR6RQR', 'mhuynh@yahoo.com', '0466010925', 1, 'Alyssa Price', '2025-05-09 14:32:39', '2025-05-09 14:32:39');       
INSERT INTO users (user_id,username, password, email, phone, role_id, fullname, created_at, updated_at)
VALUES ('24','cobbjason', '_hGiOlVXZu1X', 'tara09@yahoo.com', '0962796656', 1, 'Luis Scott', '2025-05-09 14:32:39', '2025-05-09 14:32:39');       
INSERT INTO users (user_id,username, password, email, phone, role_id, fullname, created_at, updated_at)
VALUES ('25','stephen34', '#Uv%Qc%ID6K+', 'gregorymeyer@yahoo.com', '0282822479', 1, 'Kelsey Peterson', '2025-05-09 14:32:39', '2025-05-09 14:32:39');
INSERT INTO users (user_id,username, password, email, phone, role_id, fullname, created_at, updated_at)
VALUES ('26','stevennelson', '4%0Dm*XxvZ!Q', 'hobbspamela@gmail.com', '0729264939', 1, 'Dawn Mejia', '2025-05-09 14:32:39', '2025-05-09 14:32:39');
INSERT INTO users (user_id,username, password, email, phone, role_id, fullname, created_at, updated_at)
VALUES ('27','ferrellcharles', 'y0PgXftI!aDF', 'thomaschristopher@gmail.com', '0132099790', 1, 'Taylor Carroll', '2025-05-09 14:32:39', '2025-05-09 14:32:39');
INSERT INTO users (user_id,username, password, email, phone, role_id, fullname, created_at, updated_at)
VALUES ('28','scott78', '&59VGReF%%wl', 'jimenezdaniel@hotmail.com', '0278835171', 1, 'Dr. Alexandria Norman MD', '2025-05-09 14:32:39', '2025-05-09 14:32:39');
INSERT INTO users (user_id,username, password, email, phone, role_id, fullname, created_at, updated_at)
VALUES ('29','zmoore', 'P&zqyOWb*Yl5', 'william93@hotmail.com', '0930927289', 1, 'David Hicks', '2025-05-09 14:32:39', '2025-05-09 14:32:39');    
INSERT INTO users (user_id,username, password, email, phone, role_id, fullname, created_at, updated_at)
VALUES ('30','kristopher81', '49L*O(hT(chH', 'yhale@yahoo.com', '0464618400', 1, 'Christopher Wilson', '2025-05-09 14:32:39', '2025-05-09 14:32:39');
INSERT INTO users (user_id,username, password, email, phone, role_id, fullname, created_at, updated_at)
VALUES ('31','annettesutton', 'GUO&_ZVePXX9', 'horebecca@yahoo.com', '0285668168', 1, 'Joseph Wood', '2025-05-09 14:32:39', '2025-05-09 14:32:39');
INSERT INTO users (user_id,username, password, email, phone, role_id, fullname, created_at, updated_at)
VALUES ('32','williamsandoval', '&r(WHJZ0%3DV', 'zbaker@yahoo.com', '0975430156', 1, 'Jose Rodriguez', '2025-05-09 14:32:39', '2025-05-09 14:32:39');
INSERT INTO users (user_id,username, password, email, phone, role_id, fullname, created_at, updated_at)
VALUES ('33','boyerashley', 'Qx6voVwiA!!t', 'kristin65@gmail.com', '0581124574', 1, 'Cameron Fisher', '2025-05-09 14:32:39', '2025-05-09 14:32:39');
INSERT INTO users (user_id,username, password, email, phone, role_id, fullname, created_at, updated_at)
VALUES ('34','morrischristine', 'ZdsvawO3!KX7', 'dshepherd@gmail.com', '0532078234', 1, 'Tiffany Rice', '2025-05-09 14:32:39', '2025-05-09 14:32:39');
INSERT INTO users (user_id,username, password, email, phone, role_id, fullname, created_at, updated_at)
VALUES ('35','jennifer28', '%kFecch@b2Ha', 'matthewharrison@yahoo.com', '0426470833', 1, 'Frank Bowen', '2025-05-09 14:32:39', '2025-05-09 14:32:39');
INSERT INTO users (user_id,username, password, email, phone, role_id, fullname, created_at, updated_at)
VALUES ('36','guzmanjennifer', '+VY2Wfjks4JM', 'nmahoney@yahoo.com', '0140438670', 1, 'Michelle Hall', '2025-05-09 14:32:39', '2025-05-09 14:32:39');
INSERT INTO users (user_id,username, password, email, phone, role_id, fullname, created_at, updated_at)
VALUES ('37','cherylramirez', 'Bimp79at&o9L', 'harrisonamanda@hotmail.com', '0358326646', 1, 'Sandra Wade', '2025-05-09 14:32:39', '2025-05-09 14:32:39');
INSERT INTO users (user_id,username, password, email, phone, role_id, fullname, created_at, updated_at)
VALUES ('38','kevin22', '_+lgDgCrt5$S', 'abbottgabriel@gmail.com', '0871384619', 1, 'Gregory Page', '2025-05-09 14:32:39', '2025-05-09 14:32:39');
INSERT INTO users (user_id,username, password, email, phone, role_id, fullname, created_at, updated_at)
VALUES ('39','campbelldebra', '5Su9uylZ)AOe', 'robert03@yahoo.com', '0536027218', 1, 'James Torres', '2025-05-09 14:32:39', '2025-05-09 14:32:39');
INSERT INTO users (user_id,username, password, email, phone, role_id, fullname, created_at, updated_at)
VALUES ('40','lauren89', 'v!E&SCw9$2@B', 'garyhatfield@gmail.com', '0349401932', 1, 'Laura Ward MD', '2025-05-09 14:32:39', '2025-05-09 14:32:39');
INSERT INTO users (user_id,username, password, email, phone, role_id, fullname, created_at, updated_at)
VALUES ('41','gutierrezmelissa', '(n_MnqqELE9v', 'spencer51@hotmail.com', '0400816969', 1, 'Stephanie Smith', '2025-05-09 14:32:39', '2025-05-09 14:32:39');
INSERT INTO users (user_id,username, password, email, phone, role_id, fullname, created_at, updated_at)
VALUES ('42','ashleyhall', 'H(3RhOTzkyYP', 'davidmorales@gmail.com', '0225319233', 1, 'Lisa Becker', '2025-05-09 14:32:39', '2025-05-09 14:32:39');
INSERT INTO users (user_id,username, password, email, phone, role_id, fullname, created_at, updated_at)
VALUES ('43','randalldebra', 'SuaT47$u50X+', 'jsteele@hotmail.com', '0784412850', 1, 'Sarah Delacruz', '2025-05-09 14:32:39', '2025-05-09 14:32:39');
INSERT INTO users (user_id,username, password, email, phone, role_id, fullname, created_at, updated_at)
VALUES ('44','yjones', '46g$E5puilYO', 'ealexander@yahoo.com', '0528039014', 1, 'Heather Herman', '2025-05-09 14:32:39', '2025-05-09 14:32:39');  
INSERT INTO users (user_id,username, password, email, phone, role_id, fullname, created_at, updated_at)
VALUES ('45','delgadorichard', 'nf9Dc_mn_7rS', 'agonzales@yahoo.com', '0525667919', 1, 'Jennifer Fisher', '2025-05-09 14:32:39', '2025-05-09 14:32:39');
INSERT INTO users (user_id,username, password, email, phone, role_id, fullname, created_at, updated_at)
VALUES ('46','spowell', 'g*^tdTCa%A48', 'afrederick@gmail.com', '0533062538', 1, 'Melissa Gillespie', '2025-05-09 14:32:39', '2025-05-09 14:32:39');
INSERT INTO users (user_id,username, password, email, phone, role_id, fullname, created_at, updated_at)
VALUES ('47','pdavis', '6^b8DXeh^noX', 'ssmith@hotmail.com', '0196946685', 1, 'Nicole Greene', '2025-05-09 14:32:39', '2025-05-09 14:32:39');     
INSERT INTO users (user_id,username, password, email, phone, role_id, fullname, created_at, updated_at)
VALUES ('48','cantujeff', '+$nVig@baG8t', 'julie51@gmail.com', '0119685610', 1, 'Roy Gaines', '2025-05-09 14:32:39', '2025-05-09 14:32:39');      
INSERT INTO users (user_id,username, password, email, phone, role_id, fullname, created_at, updated_at)
VALUES ('49','cardenasmonica', '@V6(jBfI*(+g', 'pwebb@gmail.com', '0246187019', 1, 'Norman Walker MD', '2025-05-09 14:32:39', '2025-05-09 14:32:39');
INSERT INTO users (user_id,username, password, email, phone, role_id, fullname, created_at, updated_at)
VALUES ('50','camerondavid', 'u1&nJfBiRW+3', 'aaron69@hotmail.com', '0311884115', 1, 'Logan Christian', '2025-05-09 14:32:39', '2025-05-09 14:32:39');
INSERT INTO users (user_id,username, password, email, phone, role_id, fullname, created_at, updated_at)
VALUES ('51','amberritter', '&qV35JowPX^6', 'mccoyjohn@gmail.com', '0681192325', 1, 'Kristi Barnett', '2025-05-09 14:32:39', '2025-05-09 14:32:39');
INSERT INTO users (user_id,username, password, email, phone, role_id, fullname, created_at, updated_at)
VALUES ('52','elizabeth56', '!KF^HRz(d8pq', 'tonywelch@yahoo.com', '0107583812', 1, 'Jesus Mitchell', '2025-05-09 14:32:39', '2025-05-09 14:32:39');
INSERT INTO users (user_id,username, password, email, phone, role_id, fullname, created_at, updated_at)
VALUES ('53','bcarrillo', ')_gAjQPBY0gL', 'victor99@yahoo.com', '0700249709', 1, 'Linda Williams', '2025-05-09 14:32:39', '2025-05-09 14:32:39'); 
INSERT INTO users (user_id,username, password, email, phone, role_id, fullname, created_at, updated_at)
VALUES ('54','cassandra08', '$12%JLx)+%+j', 'dwayne35@yahoo.com', '0570277952', 1, 'Kimberly Johnson', '2025-05-09 14:32:39', '2025-05-09 14:32:39');
INSERT INTO users (user_id,username, password, email, phone, role_id, fullname, created_at, updated_at)
VALUES ('55','robert49', 'C8Z^5Vv)dVq5', 'amanda78@gmail.com', '0115199235', 1, 'Jennifer Douglas', '2025-05-09 14:32:39', '2025-05-09 14:32:39');
INSERT INTO users (user_id,username, password, email, phone, role_id, fullname, created_at, updated_at)
VALUES ('56','douglas06', 'H(UH6fDaD8aD', 'dixonkathleen@hotmail.com', '0550351891', 1, 'Rebekah Webb', '2025-05-09 14:32:39', '2025-05-09 14:32:39');
INSERT INTO users (user_id,username, password, email, phone, role_id, fullname, created_at, updated_at)
VALUES ('57','elizabeth09', 'Y&7gz!Dg*rkE', 'wileystacy@gmail.com', '0924436367', 1, 'Angela Kline', '2025-05-09 14:32:39', '2025-05-09 14:32:39');
INSERT INTO users (user_id,username, password, email, phone, role_id, fullname, created_at, updated_at)
VALUES ('58','clarkkristin', '*WV$5!#@26Us', 'andrewsmith@hotmail.com', '0605745554', 1, 'Christopher Peterson', '2025-05-09 14:32:39', '2025-05-09 14:32:39');
INSERT INTO users (user_id,username, password, email, phone, role_id, fullname, created_at, updated_at)
VALUES ('59','staceybrown', ')#ZHkV^G2J6M', 'johnsonjustin@yahoo.com', '0876713176', 1, 'Melvin Roberts', '2025-05-09 14:32:39', '2025-05-09 14:32:39');
INSERT INTO users (user_id,username, password, email, phone, role_id, fullname, created_at, updated_at)
VALUES ('60','andrew66', '@#fd8Hzi!&BB', 'tammyhernandez@hotmail.com', '0547597856', 1, 'Krystal Carter', '2025-05-09 14:32:39', '2025-05-09 14:32:39');
INSERT INTO users (user_id,username, password, email, phone, role_id, fullname, created_at, updated_at)
VALUES ('61','adamsronald', '!XkLbFiaabi0', 'tracymartin@gmail.com', '0142720648', 1, 'Kevin Snyder MD', '2025-05-09 14:32:39', '2025-05-09 14:32:39');
INSERT INTO users (user_id,username, password, email, phone, role_id, fullname, created_at, updated_at)
VALUES ('62','hurleymichael', 'u2eEDU7q&fON', 'qalvarez@yahoo.com', '0846916306', 1, 'Heather Bright', '2025-05-09 14:32:39', '2025-05-09 14:32:39');
INSERT INTO users (user_id,username, password, email, phone, role_id, fullname, created_at, updated_at)
VALUES ('63','dadams', '6pCiTU7#I0I$', 'crystal42@gmail.com', '0874551863', 1, 'Gregory Simmons', '2025-05-09 14:32:39', '2025-05-09 14:32:39');  
INSERT INTO users (user_id,username, password, email, phone, role_id, fullname, created_at, updated_at)
VALUES ('64','scotthobbs', '+6&0ZjhKBz_Y', 'tholt@hotmail.com', '0145016216', 1, 'Jacqueline Willis', '2025-05-09 14:32:39', '2025-05-09 14:32:39');
INSERT INTO users (user_id,username, password, email, phone, role_id, fullname, created_at, updated_at)
VALUES ('65','wallacedaniel', 'E+eP%qOo%sC0', 'jlong@yahoo.com', '0273855116', 1, 'Tonya Morgan', '2025-05-09 14:32:39', '2025-05-09 14:32:39');  
INSERT INTO users (user_id,username, password, email, phone, role_id, fullname, created_at, updated_at)
VALUES ('66','wilsonderek', 'a_UfKKqoZ2+2', 'brownsteven@hotmail.com', '0151934131', 1, 'Evan Ross', '2025-05-09 14:32:39', '2025-05-09 14:32:39');
INSERT INTO users (user_id,username, password, email, phone, role_id, fullname, created_at, updated_at)
VALUES ('67','xwood', '!3^Phw1##9!A', 'martha04@hotmail.com', '0567207020', 1, 'Rebecca Romero', '2025-05-09 14:32:39', '2025-05-09 14:32:39');   
INSERT INTO users (user_id,username, password, email, phone, role_id, fullname, created_at, updated_at)
VALUES ('68','kenneth24', 'e)%20JUb9W%M', 'dustin02@hotmail.com', '0917894951', 1, 'Nicole Blake', '2025-05-09 14:32:39', '2025-05-09 14:32:39'); 
INSERT INTO users (user_id,username, password, email, phone, role_id, fullname, created_at, updated_at)
VALUES ('69','crossjean', 'Icw7R7JtVWa%', 'fmueller@yahoo.com', '0674938603', 1, 'Jessica Jones', '2025-05-09 14:32:39', '2025-05-09 14:32:39');  
INSERT INTO users (user_id,username, password, email, phone, role_id, fullname, created_at, updated_at)
VALUES ('70','christopher37', 'ju5ojfoR!EJ8', 'pphelps@gmail.com', '0907162565', 1, 'Angela Chen', '2025-05-09 14:32:39', '2025-05-09 14:32:39'); 
INSERT INTO users (user_id,username, password, email, phone, role_id, fullname, created_at, updated_at)
VALUES ('71','ryan04', 'sU2wAAeW$aG*', 'paul70@yahoo.com', '0683182516', 1, 'Nathan Watson', '2025-05-09 14:32:39', '2025-05-09 14:32:39');       
INSERT INTO users (user_id,username, password, email, phone, role_id, fullname, created_at, updated_at)
VALUES ('72','jefferyking', 'O+Xba13t4Xu1', 'mcgeejames@yahoo.com', '0656710041', 1, 'Henry Woods', '2025-05-09 14:32:39', '2025-05-09 14:32:39');
INSERT INTO users (user_id,username, password, email, phone, role_id, fullname, created_at, updated_at)
VALUES ('73','amy47', 'FV)x90VaQmop', 'johnbridges@hotmail.com', '0342805289', 1, 'Jennifer Miller', '2025-05-09 14:32:39', '2025-05-09 14:32:39');
INSERT INTO users (user_id,username, password, email, phone, role_id, fullname, created_at, updated_at)
VALUES ('74','flarson', '47CJqAjX%1m%', 'evanslaura@gmail.com', '0768709686', 1, 'Jason Morris', '2025-05-09 14:32:39', '2025-05-09 14:32:39');   
INSERT INTO users (user_id,username, password, email, phone, role_id, fullname, created_at, updated_at)
VALUES ('75','tabitha93', '0^0SIvuXQR4$', 'krauseadriana@gmail.com', '0986766955', 1, 'Karen Fletcher', '2025-05-09 14:32:39', '2025-05-09 14:32:39');
INSERT INTO users (user_id,username, password, email, phone, role_id, fullname, created_at, updated_at)
VALUES ('76','wilsonjaclyn', '!xB5rytO&@f4', 'hross@hotmail.com', '0199183788', 1, 'Robin Dennis', '2025-05-09 14:32:39', '2025-05-09 14:32:39'); 
INSERT INTO users (user_id,username, password, email, phone, role_id, fullname, created_at, updated_at)
VALUES ('77','katherine28', '&dG(rw!j3@nk', 'lindsey50@hotmail.com', '0440439468', 1, 'Paul White', '2025-05-09 14:32:39', '2025-05-09 14:32:39');
INSERT INTO users (user_id,username, password, email, phone, role_id, fullname, created_at, updated_at)
VALUES ('78','arichardson', '0UX+Etx)*%7s', 'rogersdana@gmail.com', '0185301327', 1, 'Patricia Moore', '2025-05-09 14:32:39', '2025-05-09 14:32:39');
INSERT INTO users (user_id,username, password, email, phone, role_id, fullname, created_at, updated_at)
VALUES ('79','breanna71', 'UH8X#6Nm^456', 'oliverkaylee@hotmail.com', '0364529813', 1, 'Christopher Palmer', '2025-05-09 14:32:39', '2025-05-09 14:32:39');
INSERT INTO users (user_id,username, password, email, phone, role_id, fullname, created_at, updated_at)
VALUES ('80','shannon48', 'i+#^NOCRw4Lf', 'johnsonamber@yahoo.com', '0238338026', 1, 'Mark Welch', '2025-05-09 14:32:39', '2025-05-09 14:32:39'); 
INSERT INTO users (user_id,username, password, email, phone, role_id, fullname, created_at, updated_at)
VALUES ('81','alex04', '(0P6hbJ4uIt8', 'sheri76@yahoo.com', '0105604843', 1, 'Jennifer Rodriguez', '2025-05-09 14:32:39', '2025-05-09 14:32:39'); 
INSERT INTO users (user_id,username, password, email, phone, role_id, fullname, created_at, updated_at)
VALUES ('82','tamarajohnson', '_ONQo8vmIK1L', 'hebertjasmine@yahoo.com', '0979489950', 1, 'Ronald Lee', '2025-05-09 14:32:39', '2025-05-09 14:32:39');
INSERT INTO users (user_id,username, password, email, phone, role_id, fullname, created_at, updated_at)
VALUES ('83','christiandean', '#S1%PewF^87V', 'monique15@gmail.com', '0478168563', 1, 'Lori Johnson', '2025-05-09 14:32:39', '2025-05-09 14:32:39');
INSERT INTO users (user_id,username, password, email, phone, role_id, fullname, created_at, updated_at)
VALUES ('84','patriciavilla', '#3K(Pw5g%6yG', 'millerkeith@gmail.com', '0735264135', 1, 'Darren Hendricks', '2025-05-09 14:32:39', '2025-05-09 14:32:39');
INSERT INTO users (user_id,username, password, email, phone, role_id, fullname, created_at, updated_at)
VALUES ('85','vaughnblake', '@^CLN1Wc#4uJ', 'gordonamanda@hotmail.com', '0899678016', 1, 'Mary Wolfe', '2025-05-09 14:32:39', '2025-05-09 14:32:39');
INSERT INTO users (user_id,username, password, email, phone, role_id, fullname, created_at, updated_at)
VALUES ('86','crystalpeters', 'Q5gMMdl_K&6T', 'ghubbard@hotmail.com', '0164478722', 1, 'Marcus Lopez', '2025-05-09 14:32:39', '2025-05-09 14:32:39');
INSERT INTO users (user_id,username, password, email, phone, role_id, fullname, created_at, updated_at)
VALUES ('87','smithjennifer', 'A#Q^HKu%6f@2', 'pfernandez@yahoo.com', '0824837511', 1, 'Darryl Wheeler', '2025-05-09 14:32:39', '2025-05-09 14:32:39');
INSERT INTO users (user_id,username, password, email, phone, role_id, fullname, created_at, updated_at)
VALUES ('88','michaelfowler', '0nF3AgkV&Hj7', 'shannon04@yahoo.com', '0780436165', 1, 'Karen Kane', '2025-05-09 14:32:39', '2025-05-09 14:32:39');
INSERT INTO users (user_id,username, password, email, phone, role_id, fullname, created_at, updated_at)
VALUES ('89','yking', '1U5Q#Dg4^4kw', 'anna45@hotmail.com', '0675574105', 1, 'Gregory Wiley', '2025-05-09 14:32:39', '2025-05-09 14:32:39');      
INSERT INTO users (user_id,username, password, email, phone, role_id, fullname, created_at, updated_at)
VALUES ('90','qbaldwin', 'tsk6)G1lc)Sm', 'john55@gmail.com', '0186776214', 1, 'Lisa Wilson', '2025-05-09 14:32:39', '2025-05-09 14:32:39');       
INSERT INTO users (user_id,username, password, email, phone, role_id, fullname, created_at, updated_at)
VALUES ('91','umccarthy', '5x6MazNe__qV', 'kparker@hotmail.com', '0252245907', 1, 'Mary Ramos', '2025-05-09 14:32:39', '2025-05-09 14:32:39');    
INSERT INTO users (user_id,username, password, email, phone, role_id, fullname, created_at, updated_at)
VALUES ('92','jennifermiller', 'y@Ay1aWsQ6QD', 'johnsonamber1@yahoo.com', '0158837834', 1, 'Pam Johnson', '2025-05-09 14:32:39', '2025-05-09 14:32:39');
INSERT INTO users (user_id,username, password, email, phone, role_id, fullname, created_at, updated_at)
VALUES ('93','shill', '#322OmJeCyWq', 'johngreen@hotmail.com', '0154467572', 1, 'Brittney Jackson', '2025-05-09 14:32:39', '2025-05-09 14:32:39');
INSERT INTO users (user_id,username, password, email, phone, role_id, fullname, created_at, updated_at)
VALUES ('94','mcdanielkenneth', '%^C$lObZ82hi', 'kellyramos@hotmail.com', '0517179159', 1, 'Margaret Steele', '2025-05-09 14:32:39', '2025-05-09 14:32:39');
INSERT INTO users (user_id,username, password, email, phone, role_id, fullname, created_at, updated_at)
VALUES ('95','rhiggins', 'KL#VF%$m3O6P', 'garrisonelizabeth@yahoo.com', '0891736627', 1, 'Richard Bell', '2025-05-09 14:32:39', '2025-05-09 14:32:39');
INSERT INTO users (user_id,username, password, email, phone, role_id, fullname, created_at, updated_at)
VALUES ('96','pmassey', 'eS+6ODWt^g5U', 'singhmatthew@yahoo.com', '0709860686', 1, 'Jessica Leonard', '2025-05-09 14:32:39', '2025-05-09 14:32:39');
INSERT INTO users (user_id,username, password, email, phone, role_id, fullname, created_at, updated_at)
VALUES ('97','bhernandez', 'Q(Z^y0OxAbs)', 'hannah42@gmail.com', '0296062875', 1, 'Jacob Adams', '2025-05-09 14:32:39', '2025-05-09 14:32:39');   
INSERT INTO users (user_id,username, password, email, phone, role_id, fullname, created_at, updated_at)
VALUES ('98','corygregory', 'd4R$YiqizgW0', 'katie90@yahoo.com', '0965692068', 1, 'Brian Wallace', '2025-05-09 14:32:39', '2025-05-09 14:32:39'); 
INSERT INTO users (user_id,username, password, email, phone, role_id, fullname, created_at, updated_at)
VALUES ('99','juan23', 'Yj5kLqQkh$RQ', 'ronaldpalmer@gmail.com', '0626982703', 1, 'Melissa Ewing', '2025-05-09 14:32:39', '2025-05-09 14:32:39'); 
INSERT INTO users (user_id,username, password, email, phone, role_id, fullname, created_at, updated_at)
VALUES ('100','btaylor', 'HQ4XFD+gs%$b', 'hlucas@gmail.com', '0646645742', 1, 'Alexandra Ramos', '2025-05-09 14:32:39', '2025-05-09 14:32:39');  

-- Them user voi role la accoutant

INSERT INTO users (user_id,username, password, email, phone, role_id, fullname, created_at, updated_at)
VALUES ('101','jessica48', 'w0aL_bLw9!u&', 'ueverett@yahoo.com', '0104430764', 2, 'Amy Bates', '2025-05-09 14:36:58', '2025-05-09 14:36:58');     
INSERT INTO users (user_id,username, password, email, phone, role_id, fullname, created_at, updated_at)
VALUES ('102','zmills', '&hbeysWS47$A', 'connie72@yahoo.com', '0512307297', 2, 'Matthew Perez', '2025-05-09 14:36:58', '2025-05-09 14:36:58');    
INSERT INTO users (user_id,username, password, email, phone, role_id, fullname, created_at, updated_at)
VALUES ('103','petersonjacqueline', 'pUaN5Ggs&nP8', 'andrewfox@gmail.com', '0983805417', 2, 'Adrienne Robinson', '2025-05-09 14:36:58', '2025-05-09 14:36:58');
INSERT INTO users (user_id,username, password, email, phone, role_id, fullname, created_at, updated_at)
VALUES ('104','michaelmorris', 'QKRiH!zj3(c0', 'colemankristie@hotmail.com', '0347909469', 2, 'Ryan Taylor', '2025-05-09 14:36:58', '2025-05-09 14:36:58');
INSERT INTO users (user_id,username, password, email, phone, role_id, fullname, created_at, updated_at)
VALUES ('105','vali', 'Mu3Ri_5O#AOK', 'cherylgriffith@hotmail.com', '0179180822', 2, 'Joshua Montoya', '2025-05-09 14:36:58', '2025-05-09 14:36:58');
INSERT INTO users (user_id,username, password, email, phone, role_id, fullname, created_at, updated_at)
VALUES ('106','ktorres', '8$1J!mO_AKRq', 'welchchristopher@hotmail.com', '0910167231', 2, 'Jonathan Harris', '2025-05-09 14:36:59', '2025-05-09 14:36:59');
INSERT INTO users (user_id,username, password, email, phone, role_id, fullname, created_at, updated_at)
VALUES ('107','rcarter', 'W39lgk@yj)MU', 'justin37@hotmail.com', '0438730002', 2, 'Michael Stewart MD', '2025-05-09 14:36:59', '2025-05-09 14:36:59');
INSERT INTO users (user_id,username, password, email, phone, role_id, fullname, created_at, updated_at)
VALUES ('108','elizabeth81', '9(avU3Co!4N9', 'bgarcia@yahoo.com', '0962170804', 2, 'Sara Galloway', '2025-05-09 14:36:59', '2025-05-09 14:36:59');
INSERT INTO users (user_id,username, password, email, phone, role_id, fullname, created_at, updated_at)
VALUES ('109','laura39', '1M3x1AfxT&TU', 'brett88@gmail.com', '0611144465', 2, 'Eddie Hodges', '2025-05-09 14:36:59', '2025-05-09 14:36:59');     
INSERT INTO users (user_id,username, password, email, phone, role_id, fullname, created_at, updated_at)
VALUES ('110','michael63', '(w_3vaIkWN&t', 'evanherring@hotmail.com', '0603255454', 2, 'Nicholas Wallace', '2025-05-09 14:36:59', '2025-05-09 14:36:59');

--Them user voi role la manager
INSERT INTO users (user_id,username, password, email, phone, role_id, fullname, created_at, updated_at)
VALUES ('111','manuel84', 'h^JFvdX!)e2W', 'debra24@yahoo.com', '0180107123', 3, 'Joshua Morales PhD', '2025-05-09 14:38:23', '2025-05-09 14:38:23');
INSERT INTO users (user_id,username, password, email, phone, role_id, fullname, created_at, updated_at)
VALUES ('112','morrisjoseph', '#3F86fMXLtdO', 'hernandezsamantha@gmail.com', '0992334506', 3, 'Joy Sweeney', '2025-05-09 14:38:23', '2025-05-09 14:38:23');
INSERT INTO users (user_id,username, password, email, phone, role_id, fullname, created_at, updated_at)
VALUES ('113','vflowers', 'Kc90z_Bfs)sA', 'williamfarrell@hotmail.com', '0471852561', 3, 'Kelly Perez', '2025-05-09 14:38:23', '2025-05-09 14:38:23');
INSERT INTO users (user_id,username, password, email, phone, role_id, fullname, created_at, updated_at)
VALUES ('114','hudsonjessica', '(L5B(f2R)bXC', 'james17@hotmail.com', '0807035028', 3, 'Glenn Allen', '2025-05-09 14:38:23', '2025-05-09 14:38:23');
INSERT INTO users (user_id,username, password, email, phone, role_id, fullname, created_at, updated_at)
VALUES ('115','gvega', 'fao&dFJq$#2O', 'williamsfrederick@yahoo.com', '0841905089', 3, 'Jesus Jones', '2025-05-09 14:38:23', '2025-05-09 14:38:23');


--Them du lieu Citizen va Resident
INSERT INTO citizen (citizen_id, cccd_id, job, dob, user_id)
    VALUES (1, '128745648346', 'Thợ sửa chữa', '1987-02-22', 1);
INSERT INTO citizen (citizen_id, cccd_id, job, dob, user_id)
    VALUES (2, '173084507128', 'Nghệ sĩ', '2007-02-11', 2);
INSERT INTO citizen (citizen_id, cccd_id, job, dob, user_id)
    VALUES (3, '487652134093', 'Đầu bếp', '1964-10-23', 3);
INSERT INTO citizen (citizen_id, cccd_id, job, dob, user_id)
    VALUES (4, '974756306450', 'Thợ sửa chữa', '2000-02-13', 4);
INSERT INTO citizen (citizen_id, cccd_id, job, dob, user_id)
    VALUES (5, '567640141609', 'Đầu bếp', '1980-01-30', 5);
INSERT INTO citizen (citizen_id, cccd_id, job, dob, user_id)
    VALUES (6, '460267695677', 'Công nhân', '1960-04-12', 6);
INSERT INTO citizen (citizen_id, cccd_id, job, dob, user_id)
    VALUES (7, '630406633278', 'Ngân hàng', '1950-12-26', 7);
INSERT INTO citizen (citizen_id, cccd_id, job, dob, user_id)
    VALUES (8, '819885256723', 'Bác sĩ', '1965-10-08', 8);
INSERT INTO citizen (citizen_id, cccd_id, job, dob, user_id)
    VALUES (9, '520458494260', 'Quản lý', '1957-01-02', 9);
INSERT INTO citizen (citizen_id, cccd_id, job, dob, user_id)
    VALUES (10, '523235509392', 'Nghệ sĩ', '1951-12-03', 10);
INSERT INTO citizen (citizen_id, cccd_id, job, dob, user_id)
    VALUES (11, '586678422051', 'Giáo viên', '1994-09-23', 11);
INSERT INTO citizen (citizen_id, cccd_id, job, dob, user_id)
    VALUES (12, '281287105935', 'Kỹ sư', '1939-07-10', 12);
INSERT INTO citizen (citizen_id, cccd_id, job, dob, user_id)
    VALUES (13, '30399056557', 'Nhà báo', '1995-06-01', 13);
INSERT INTO citizen (citizen_id, cccd_id, job, dob, user_id)
    VALUES (14, '25238944047', 'Lái xe', '1945-11-11', 14);
INSERT INTO citizen (citizen_id, cccd_id, job, dob, user_id)
    VALUES (15, '320977146292', 'Giáo viên', '1991-03-04', 15);
INSERT INTO citizen (citizen_id, cccd_id, job, dob, user_id)
    VALUES (16, '316718809740', 'Đầu bếp', '1950-12-15', 16);
INSERT INTO citizen (citizen_id, cccd_id, job, dob, user_id)
    VALUES (17, '819799742615', 'Công sở', '1959-11-29', 17);
INSERT INTO citizen (citizen_id, cccd_id, job, dob, user_id)
    VALUES (18, '126842743233', 'Ngân hàng', '1937-01-27', 18);
INSERT INTO citizen (citizen_id, cccd_id, job, dob, user_id)
    VALUES (19, '802021216560', 'Lái xe', '1994-06-03', 19);
INSERT INTO citizen (citizen_id, cccd_id, job, dob, user_id)
    VALUES (20, '348879817688', 'Nông dân', '1938-07-06', 20);
    
    
    
    
INSERT INTO resident (resident_id, householder_id, address)
              VALUES (1, 1, '6564 Lopez Circles Suite 609, East Christopher, KY 72014');
INSERT INTO resident (resident_id, householder_id, address)
              VALUES (2, 2, '72922 Brown Groves, Browntown, MO 03016');
INSERT INTO resident (resident_id, householder_id, address)
              VALUES (3, 3, '43119 Patricia Terrace Apt. 573, Gatesview, VT 71646');
INSERT INTO resident (resident_id, householder_id, address)
              VALUES (4, 4, '1668 Michael Dale, Port Troy, ND 83962');
INSERT INTO resident (resident_id, householder_id, address)
              VALUES (5, 5, 'USCGC Phillips, FPO AA 01794');
INSERT INTO resident (resident_id, householder_id, address)
              VALUES (6, 6, '126 Megan Crossroad, North Roberto, AS 23523');
INSERT INTO resident (resident_id, householder_id, address)
              VALUES (7, 7, '25065 Ellison Extension, New Cody, ID 30167');
INSERT INTO resident (resident_id, householder_id, address)
              VALUES (8, 8, '4351 Sandra Fork Suite 619, North Andrew, HI 20831');
INSERT INTO resident (resident_id, householder_id, address)
              VALUES (9, 9, '35331 Johnson Fork, East Abigailburgh, LA 81667');
INSERT INTO resident (resident_id, householder_id, address)
              VALUES (10, 10, '28214 Hill Courts, New Cory, OH 86176');
INSERT INTO resident (resident_id, householder_id, address)
              VALUES (11, 11, '51433 Michelle Roads Apt. 018, New Loriview, NE 85050');
INSERT INTO resident (resident_id, householder_id, address)
              VALUES (12, 12, '5712 Wright Curve Suite 839, Danielsview, PA 69348');
INSERT INTO resident (resident_id, householder_id, address)
              VALUES (13, 13, '27822 Stone Plains Suite 885, Port Aaron, AZ 63609');
INSERT INTO resident (resident_id, householder_id, address)
              VALUES (14, 14, '2993 Simpson Manors Suite 943, Brownfurt, OK 85534');
INSERT INTO resident (resident_id, householder_id, address)
              VALUES (15, 15, '210 Andrew Throughway Apt. 007, Tylerland, IN 45621');
INSERT INTO resident (resident_id, householder_id, address)
              VALUES (16, 16, '924 Ronald Motorway Suite 337, New Hollystad, LA 64093');
INSERT INTO resident (resident_id, householder_id, address)
              VALUES (17, 17, 'Unit 1301 Box 5025, DPO AA 99086');
INSERT INTO resident (resident_id, householder_id, address)
              VALUES (18, 18, '307 Gallegos Stravenue Apt. 576, East Melissa, VA 88565');
INSERT INTO resident (resident_id, householder_id, address)
              VALUES (19, 19, '48523 Joel Via, Amymouth, FM 27889');
INSERT INTO resident (resident_id, householder_id, address)
              VALUES (20, 20, '3111 Banks Meadow Suite 633, Shannonstad, NE 65883');


UPDATE citizen
SET resident_id = 1
WHERE citizen_id = 1;

UPDATE citizen
SET resident_id = 2
WHERE citizen_id = 2;

UPDATE citizen
SET resident_id = 3
WHERE citizen_id = 3;

UPDATE citizen
SET resident_id = 4
WHERE citizen_id = 4;

UPDATE citizen
SET resident_id = 5
WHERE citizen_id = 5;

UPDATE citizen
SET resident_id = 6
WHERE citizen_id = 6;

UPDATE citizen
SET resident_id = 7
WHERE citizen_id = 7;

UPDATE citizen
SET resident_id = 8
WHERE citizen_id = 8;

UPDATE citizen
SET resident_id = 9
WHERE citizen_id = 9;

UPDATE citizen
SET resident_id = 10
WHERE citizen_id = 10;

UPDATE citizen
SET resident_id = 11
WHERE citizen_id = 11;

UPDATE citizen
SET resident_id = 12
WHERE citizen_id = 12;

UPDATE citizen
SET resident_id = 13
WHERE citizen_id = 13;

UPDATE citizen
SET resident_id = 14
WHERE citizen_id = 14;

UPDATE citizen
SET resident_id = 15
WHERE citizen_id = 15;

UPDATE citizen
SET resident_id = 16
WHERE citizen_id = 16;

UPDATE citizen
SET resident_id = 17
WHERE citizen_id = 17;

UPDATE citizen
SET resident_id = 18
WHERE citizen_id = 18;

UPDATE citizen
SET resident_id = 19
WHERE citizen_id = 19;

UPDATE citizen
SET resident_id = 20
WHERE citizen_id = 20;

INSERT INTO citizen (citizen_id,resident_id, cccd_id, job, dob, user_id)
    VALUES (21,9, '5704458653', 'Thợ sửa chữa', '1984-06-05', 21);
INSERT INTO citizen (citizen_id,resident_id, cccd_id, job, dob, user_id)
    VALUES (22,7, '813533754715', 'Nông dân', '1995-12-28', 22);
INSERT INTO citizen (citizen_id,resident_id, cccd_id, job, dob, user_id)
    VALUES (23,20, '552569142633', 'Kỹ sư', '1997-06-21', 23);
INSERT INTO citizen (citizen_id,resident_id, cccd_id, job, dob, user_id)
    VALUES (24,19, '425335819004', 'Bác sĩ', '1993-01-21', 24);
INSERT INTO citizen (citizen_id,resident_id, cccd_id, job, dob, user_id)
    VALUES (25,18, '405430340268', 'Nghệ sĩ', '1996-11-18', 25);
INSERT INTO citizen (citizen_id,resident_id, cccd_id, job, dob, user_id)
    VALUES (26,12, '919936651787', 'Thợ sửa chữa', '1942-12-15', 26);
INSERT INTO citizen (citizen_id,resident_id, cccd_id, job, dob, user_id)
    VALUES (27,16, '413550619272', 'Nhà báo', '1999-08-01', 27);
INSERT INTO citizen (citizen_id,resident_id, cccd_id, job, dob, user_id)
    VALUES (28,2, '19811153496', 'Giáo viên', '2007-01-08', 28);
INSERT INTO citizen (citizen_id,resident_id, cccd_id, job, dob, user_id)
    VALUES (29,13, '819383117147', 'Đầu bếp', '1940-06-12', 29);
INSERT INTO citizen (citizen_id,resident_id, cccd_id, job, dob, user_id)
    VALUES (30,16, '401288102470', 'Đầu bếp', '1956-09-05', 30);
INSERT INTO citizen (citizen_id,resident_id, cccd_id, job, dob, user_id)
    VALUES (31,7, '466865822837', 'Chuyên gia marketing', '1946-02-13', 31);
INSERT INTO citizen (citizen_id,resident_id, cccd_id, job, dob, user_id)
    VALUES (32,7, '171069532211', 'Đầu bếp', '2000-07-09', 32);
INSERT INTO citizen (citizen_id,resident_id, cccd_id, job, dob, user_id)
    VALUES (33,11, '132102659110', 'Ngân hàng', '1993-09-12', 33);
INSERT INTO citizen (citizen_id,resident_id, cccd_id, job, dob, user_id)
    VALUES (34,16, '157762789921', 'Phóng viên', '1970-01-28', 34);
INSERT INTO citizen (citizen_id,resident_id, cccd_id, job, dob, user_id)
    VALUES (35,8, '154916438911', 'Nghệ sĩ', '1957-10-06', 35);
INSERT INTO citizen (citizen_id,resident_id, cccd_id, job, dob, user_id)
    VALUES (36,7, '471339937180', 'Nhà báo', '1981-01-09', 36);
INSERT INTO citizen (citizen_id,resident_id, cccd_id, job, dob, user_id)
    VALUES (37,15, '211193871707', 'Thợ sửa chữa', '1974-06-25', 37);
INSERT INTO citizen (citizen_id,resident_id, cccd_id, job, dob, user_id)
    VALUES (38,9, '546311835311', 'Nhà thiết kế', '1944-09-27', 38);
INSERT INTO citizen (citizen_id,resident_id, cccd_id, job, dob, user_id)
    VALUES (39,17, '877559953628', 'Ngân hàng', '1979-09-21', 39);
INSERT INTO citizen (citizen_id,resident_id, cccd_id, job, dob, user_id)
    VALUES (40,16, '180301514426', 'Nhà thiết kế', '1982-10-31', 40);
INSERT INTO citizen (citizen_id,resident_id, cccd_id, job, dob, user_id)
    VALUES (41,17, '900642929360', 'Kỹ sư', '1954-12-27', 41);
INSERT INTO citizen (citizen_id,resident_id, cccd_id, job, dob, user_id)
    VALUES (42,15, '213158812518', 'Quản lý', '1972-05-18', 42);
INSERT INTO citizen (citizen_id,resident_id, cccd_id, job, dob, user_id)
    VALUES (43,11, '55398617044', 'Ngân hàng', '1955-08-12', 43);
INSERT INTO citizen (citizen_id,resident_id, cccd_id, job, dob, user_id)
    VALUES (44,12, '857070994002', 'Biên tập viên', '1949-10-25', 44);
INSERT INTO citizen (citizen_id,resident_id, cccd_id, job, dob, user_id)
    VALUES (45,8, '589746171367', 'Nhà thiết kế', '1942-06-12', 45);
INSERT INTO citizen (citizen_id,resident_id, cccd_id, job, dob, user_id)
    VALUES (46,10, '584989802901', 'Nhà báo', '1951-11-03', 46);
INSERT INTO citizen (citizen_id,resident_id, cccd_id, job, dob, user_id)
    VALUES (47,8, '778069011161', 'Thợ sửa chữa', '2003-02-14', 47);
INSERT INTO citizen (citizen_id,resident_id, cccd_id, job, dob, user_id)
    VALUES (48,14, '431434263401', 'Công nhân', '1935-06-05', 48);
INSERT INTO citizen (citizen_id,resident_id, cccd_id, job, dob, user_id)
    VALUES (49,13, '221452179592', 'Công sở', '1941-10-01', 49);
INSERT INTO citizen (citizen_id,resident_id, cccd_id, job, dob, user_id)
    VALUES (50,18, '950320047825', 'Kỹ sư', '1946-02-17', 50);
INSERT INTO citizen (citizen_id,resident_id, cccd_id, job, dob, user_id)
    VALUES (51,9, '268823873231', 'Đầu bếp', '1991-05-23', 51);
INSERT INTO citizen (citizen_id,resident_id, cccd_id, job, dob, user_id)
    VALUES (52,19, '728678873875', 'Biên tập viên', '1964-08-13', 52);
INSERT INTO citizen (citizen_id,resident_id, cccd_id, job, dob, user_id)
    VALUES (53,17, '987681313569', 'Quản lý', '2000-10-10', 53);
INSERT INTO citizen (citizen_id,resident_id, cccd_id, job, dob, user_id)
    VALUES (54,17, '581083398390', 'Thợ sửa chữa', '1946-02-18', 54);
INSERT INTO citizen (citizen_id,resident_id, cccd_id, job, dob, user_id)
    VALUES (55,3, '206463313467', 'Biên tập viên', '1954-08-12', 55);
INSERT INTO citizen (citizen_id,resident_id, cccd_id, job, dob, user_id)
    VALUES (56,3, '355145322208', 'Công sở', '1947-11-05', 56);
INSERT INTO citizen (citizen_id,resident_id, cccd_id, job, dob, user_id)
    VALUES (57,1, '857331564923', 'Đầu bếp', '1938-02-03', 57);
INSERT INTO citizen (citizen_id,resident_id, cccd_id, job, dob, user_id)
    VALUES (58,20, '643847994744', 'Bác sĩ', '1994-11-05', 58);
INSERT INTO citizen (citizen_id,resident_id, cccd_id, job, dob, user_id)
    VALUES (59,3, '577066737740', 'Lập trình viên', '1948-08-21', 59);
INSERT INTO citizen (citizen_id,resident_id, cccd_id, job, dob, user_id)
    VALUES (60,3, '305733478493', 'Phóng viên', '1964-02-29', 60);
INSERT INTO citizen (citizen_id,resident_id, cccd_id, job, dob, user_id)
    VALUES (61,2, '981357079964', 'Giáo viên', '1996-08-05', 61);
INSERT INTO citizen (citizen_id,resident_id, cccd_id, job, dob, user_id)
    VALUES (62,14, '275919306545', 'Ngân hàng', '1988-09-28', 62);
INSERT INTO citizen (citizen_id,resident_id, cccd_id, job, dob, user_id)
    VALUES (63,10, '103000873614', 'Nghệ sĩ', '1978-10-21', 63);
INSERT INTO citizen (citizen_id,resident_id, cccd_id, job, dob, user_id)
    VALUES (64,4, '392011944467', 'Bác sĩ', '1957-07-27', 64);
INSERT INTO citizen (citizen_id,resident_id, cccd_id, job, dob, user_id)
    VALUES (65,19, '582973114451', 'Kỹ sư', '1978-12-04', 65);
INSERT INTO citizen (citizen_id,resident_id, cccd_id, job, dob, user_id)
    VALUES (66,9, '437147782992', 'Nông dân', '1970-11-11', 66);
INSERT INTO citizen (citizen_id,resident_id, cccd_id, job, dob, user_id)
    VALUES (67,13, '420467100878', 'Nghệ sĩ', '1999-03-13', 67);
INSERT INTO citizen (citizen_id,resident_id, cccd_id, job, dob, user_id)
    VALUES (68,6, '254490537816', 'Bác sĩ', '1970-06-27', 68);
INSERT INTO citizen (citizen_id,resident_id, cccd_id, job, dob, user_id)
    VALUES (69,6, '425857048142', 'Chuyên gia marketing', '1977-10-04', 69);
INSERT INTO citizen (citizen_id,resident_id, cccd_id, job, dob, user_id)
    VALUES (70,15, '504936074502', 'Nông dân', '1937-12-12', 70);
INSERT INTO citizen (citizen_id,resident_id, cccd_id, job, dob, user_id)
    VALUES (71,6, '692082911024', 'Luật sư', '1946-04-11', 71);
INSERT INTO citizen (citizen_id,resident_id, cccd_id, job, dob, user_id)
    VALUES (72,14, '984224987203', 'Biên tập viên', '1979-10-07', 72);
INSERT INTO citizen (citizen_id,resident_id, cccd_id, job, dob, user_id)
    VALUES (73,10, '319336133384', 'Quản lý', '1953-04-07', 73);
INSERT INTO citizen (citizen_id,resident_id, cccd_id, job, dob, user_id)
    VALUES (74,5, '187942119623', 'Nghệ sĩ', '1981-10-07', 74);
INSERT INTO citizen (citizen_id,resident_id, cccd_id, job, dob, user_id)
    VALUES (75,10, '606122813732', 'Công sở', '1964-06-20', 75);
INSERT INTO citizen (citizen_id,resident_id, cccd_id, job, dob, user_id)
    VALUES (76,14, '252929755634', 'Nghệ sĩ', '1962-10-10', 76);
INSERT INTO citizen (citizen_id,resident_id, cccd_id, job, dob, user_id)
    VALUES (77,1, '501305314441', 'Biên tập viên', '2004-04-04', 77);
INSERT INTO citizen (citizen_id,resident_id, cccd_id, job, dob, user_id)
    VALUES (78,15, '726808241567', 'Công nhân', '1945-07-01', 78);
INSERT INTO citizen (citizen_id,resident_id, cccd_id, job, dob, user_id)
    VALUES (79,4, '606197720226', 'Nghệ sĩ', '1959-10-09', 79);
INSERT INTO citizen (citizen_id,resident_id, cccd_id, job, dob, user_id)
    VALUES (80,13, '372598883250', 'Phóng viên', '1938-12-12', 80);
INSERT INTO citizen (citizen_id,resident_id, cccd_id, job, dob, user_id)
    VALUES (81,18, '660750242541', 'Giáo viên', '1993-01-02', 81);
INSERT INTO citizen (citizen_id,resident_id, cccd_id, job, dob, user_id)
    VALUES (82,5, '346267885830', 'Công sở', '1953-05-09', 82);
INSERT INTO citizen (citizen_id,resident_id, cccd_id, job, dob, user_id)
    VALUES (83,19, '96840688887', 'Lái xe', '1990-09-12', 83);
INSERT INTO citizen (citizen_id,resident_id, cccd_id, job, dob, user_id)
    VALUES (84,6, '938405828577', 'Biên tập viên', '1984-03-02', 84);
INSERT INTO citizen (citizen_id,resident_id, cccd_id, job, dob, user_id)
    VALUES (85,4, '205620403744', 'Nghệ sĩ', '1998-11-06', 85);
INSERT INTO citizen (citizen_id,resident_id, cccd_id, job, dob, user_id)
    VALUES (86,11, '470534006241', 'Bác sĩ', '1970-11-21', 86);
INSERT INTO citizen (citizen_id,resident_id, cccd_id, job, dob, user_id)
    VALUES (87,11, '713513451613', 'Nghệ sĩ', '1995-01-19', 87);
INSERT INTO citizen (citizen_id,resident_id, cccd_id, job, dob, user_id)
    VALUES (88,1, '242705813666', 'Thợ sửa chữa', '1997-08-23', 88);
INSERT INTO citizen (citizen_id,resident_id, cccd_id, job, dob, user_id)
    VALUES (89,2, '847479527999', 'Đầu bếp', '1979-08-26', 89);
INSERT INTO citizen (citizen_id,resident_id, cccd_id, job, dob, user_id)
    VALUES (90,1, '381938476637', 'Ngân hàng', '1941-08-15', 90);
INSERT INTO citizen (citizen_id,resident_id, cccd_id, job, dob, user_id)
    VALUES (91,20, '751908113008', 'Công nhân', '1993-10-08', 91);
INSERT INTO citizen (citizen_id,resident_id, cccd_id, job, dob, user_id)
    VALUES (92,18, '660190165878', 'Luật sư', '1976-03-01', 92);
INSERT INTO citizen (citizen_id,resident_id, cccd_id, job, dob, user_id)
    VALUES (93,8, '164315316240', 'Lái xe', '1979-06-05', 93);
INSERT INTO citizen (citizen_id,resident_id, cccd_id, job, dob, user_id)
    VALUES (94,20, '907895596095', 'Luật sư', '2004-07-29', 94);
INSERT INTO citizen (citizen_id,resident_id, cccd_id, job, dob, user_id)
    VALUES (95,2, '943995123218', 'Công sở', '1937-04-16', 95);
INSERT INTO citizen (citizen_id,resident_id, cccd_id, job, dob, user_id)
    VALUES (96,5, '38741771167', 'Quản lý', '1962-12-02', 96);
INSERT INTO citizen (citizen_id,resident_id, cccd_id, job, dob, user_id)
    VALUES (97,5, '834161419657', 'Luật sư', '1949-04-18', 97);
INSERT INTO citizen (citizen_id,resident_id, cccd_id, job, dob, user_id)
    VALUES (98,12, '408424407917', 'Giáo viên', '1947-01-20', 98);
INSERT INTO citizen (citizen_id,resident_id, cccd_id, job, dob, user_id)
    VALUES (99,12, '19058681808', 'Công nhân', '1934-10-19', 99);
INSERT INTO citizen (citizen_id,resident_id, cccd_id, job, dob, user_id)
    VALUES (100,4, '268587016801', 'Thợ sửa chữa', '2006-06-27', 100);

-- Accomodation Information
INSERT INTO accommodation_information (citizen_id, description) 
              VALUES (1, '571 Contreras Locks Apt. 002
Poolemouth, FL 02980');
INSERT INTO accommodation_information (citizen_id, description)
              VALUES (2, '99074 Wilson Junction
Williamsbury, AL 61198');
INSERT INTO accommodation_information (citizen_id, description)
              VALUES (3, '50505 Jonathan Flat
Gomezfort, PR 13278');
INSERT INTO accommodation_information (citizen_id, description)
              VALUES (4, '23873 Rodriguez Square
Philipstad, MT 69516');
INSERT INTO accommodation_information (citizen_id, description)
              VALUES (5, '89695 Scott Lodge Suite 104
Lake Erik, FM 43740');
INSERT INTO accommodation_information (citizen_id, description)
              VALUES (6, '942 Jody Roads
New Katherineshire, DE 62631');
INSERT INTO accommodation_information (citizen_id, description)
              VALUES (7, '3059 Moore Lakes Apt. 583
Heatherville, MD 15031');
INSERT INTO accommodation_information (citizen_id, description)
              VALUES (8, '51897 John Ramp
Petersentown, NJ 92925');
INSERT INTO accommodation_information (citizen_id, description)
              VALUES (9, '533 John Overpass
Theresaton, LA 32239');
INSERT INTO accommodation_information (citizen_id, description)
              VALUES (10, '726 Brianna Tunnel
South Joyport, VI 17687');
INSERT INTO accommodation_information (citizen_id, description)
              VALUES (11, '8196 Vaughan Shoals Suite 575
Josechester, MH 73549');
INSERT INTO accommodation_information (citizen_id, description)
              VALUES (12, '126 White Lock Apt. 422
Cruzmouth, MT 60463');
INSERT INTO accommodation_information (citizen_id, description)
              VALUES (13, '42430 Chandler Mission
Nancymouth, UT 35331');
INSERT INTO accommodation_information (citizen_id, description)
              VALUES (14, 'PSC 1034, Box 0067
APO AA 11419');
INSERT INTO accommodation_information (citizen_id, description)
              VALUES (15, '245 John Mission
Lake Dustinhaven, FM 96967');
INSERT INTO accommodation_information (citizen_id, description)
              VALUES (16, 'USNS Ryan
FPO AE 73985');
INSERT INTO accommodation_information (citizen_id, description)
              VALUES (17, '549 Tiffany Corner
Port Veronicahaven, UT 79949');
INSERT INTO accommodation_information (citizen_id, description)
              VALUES (18, '7897 Ortiz Fork Apt. 903
Sullivanfort, CA 53437');
INSERT INTO accommodation_information (citizen_id, description)
              VALUES (19, '6032 Timothy Dam
Kaylafort, MD 11941');
INSERT INTO accommodation_information (citizen_id, description)
              VALUES (20, '983 Richard Trail Suite 866
Crystaltown, LA 30990');
INSERT INTO accommodation_information (citizen_id, description)
              VALUES (21, '387 Rita Passage
West Jonathanstad, FL 30367');
INSERT INTO accommodation_information (citizen_id, description)
              VALUES (22, '668 Perez Crossing Apt. 450
Hillmouth, GA 92661');
INSERT INTO accommodation_information (citizen_id, description)
              VALUES (23, '58984 Heather Port
Port Brittney, NV 94133');
INSERT INTO accommodation_information (citizen_id, description)
              VALUES (24, '34212 Katie Neck
West Joseph, IA 01945');
INSERT INTO accommodation_information (citizen_id, description)
              VALUES (25, 'PSC 9654, Box 0110
APO AP 09332');
INSERT INTO accommodation_information (citizen_id, description)
              VALUES (26, '5862 Jasmine Heights Suite 652
South Brandon, FL 15850');
INSERT INTO accommodation_information (citizen_id, description)
              VALUES (27, '095 Theodore Manor
East Daniel, IN 29919');
INSERT INTO accommodation_information (citizen_id, description)
              VALUES (28, '2043 Michelle Lane
Thomasmouth, IL 00905');
INSERT INTO accommodation_information (citizen_id, description) 
              VALUES (29, '10839 Sims Shores Apt. 159
East Kristi, DE 59730');
INSERT INTO accommodation_information (citizen_id, description)
              VALUES (30, '51581 Robertson Ports
Taylorside, MH 19192');
INSERT INTO accommodation_information (citizen_id, description)
              VALUES (31, '6218 Jenkins Plains Suite 293
Kellyshire, UT 13412');
INSERT INTO accommodation_information (citizen_id, description)
              VALUES (32, '02420 Hunt Port
Cameronmouth, AL 79519');
INSERT INTO accommodation_information (citizen_id, description)
              VALUES (33, '026 Castro Lock Apt. 624
Tinaport, WA 42893');
INSERT INTO accommodation_information (citizen_id, description)
              VALUES (34, '92059 Smith Lights
South Christian, IL 86767');
INSERT INTO accommodation_information (citizen_id, description)
              VALUES (35, '553 Bass Pines
Virginiaport, VT 50067');
INSERT INTO accommodation_information (citizen_id, description)
              VALUES (36, '70298 Colin Stravenue
Deanside, PW 85922');
INSERT INTO accommodation_information (citizen_id, description)
              VALUES (37, '835 Daniels Trail
Tylerton, FL 63637');
INSERT INTO accommodation_information (citizen_id, description)
              VALUES (38, '49643 Erica Cape
South Dylanton, MA 39594');
INSERT INTO accommodation_information (citizen_id, description)
              VALUES (39, '020 Eric Spring Suite 476
Lake Alexisbury, MO 13507');
INSERT INTO accommodation_information (citizen_id, description)
              VALUES (40, '15085 Pamela Vista
Kevinchester, VT 29015');
INSERT INTO accommodation_information (citizen_id, description)
              VALUES (41, 'USS Roman
FPO AA 30192');
INSERT INTO accommodation_information (citizen_id, description)
              VALUES (42, '3742 Perry Lane Apt. 394
Robertshire, IN 78474');
INSERT INTO accommodation_information (citizen_id, description)
              VALUES (43, '40107 Caitlin Spurs
Kevinmouth, OR 80296');
INSERT INTO accommodation_information (citizen_id, description)
              VALUES (44, '286 Mark Groves Suite 451
Lake Brenda, LA 98763');
INSERT INTO accommodation_information (citizen_id, description)
              VALUES (45, '599 Stevens Radial Apt. 975
New Sandramouth, DE 23144');
INSERT INTO accommodation_information (citizen_id, description)
              VALUES (46, '2334 Turner Mountains Suite 005
New Genemouth, SD 00540');
INSERT INTO accommodation_information (citizen_id, description)
              VALUES (47, '909 Anne Estate
Ronaldmouth, AZ 51378');
INSERT INTO accommodation_information (citizen_id, description)
              VALUES (48, '73989 Kelly Land Suite 397
Robertton, SD 98271');
INSERT INTO accommodation_information (citizen_id, description)
              VALUES (49, '33847 Hicks Walks Suite 871
Richardview, AZ 72012');
INSERT INTO accommodation_information (citizen_id, description)
              VALUES (50, '5492 Yu Spur
East Cathystad, NH 59025');
INSERT INTO accommodation_information (citizen_id, description)
              VALUES (51, '4051 Young Lane
South Kenneth, AL 80948');
INSERT INTO accommodation_information (citizen_id, description)
              VALUES (52, '163 Mcguire Haven Apt. 789
Tiffanyfort, ME 70442');
INSERT INTO accommodation_information (citizen_id, description) 
              VALUES (53, 'USS Chavez
FPO AA 82613');
INSERT INTO accommodation_information (citizen_id, description)
              VALUES (54, '30795 Martinez Overpass
New Nancy, NH 37555');
INSERT INTO accommodation_information (citizen_id, description)
              VALUES (55, '98537 Karen Lane
Schmittview, MD 30749');
INSERT INTO accommodation_information (citizen_id, description)
              VALUES (56, '417 Lee Path Apt. 440
Wendymouth, SC 13808');
INSERT INTO accommodation_information (citizen_id, description)
              VALUES (57, '8394 Anthony Plaza
North Courtney, SC 17411');
INSERT INTO accommodation_information (citizen_id, description)
              VALUES (58, 'USNS Gibson
FPO AE 99794');
INSERT INTO accommodation_information (citizen_id, description)
              VALUES (59, '1121 Cindy Road
Amandaville, AL 14272');
INSERT INTO accommodation_information (citizen_id, description)
              VALUES (60, '95921 Conley Meadows
East Marie, HI 82669');
INSERT INTO accommodation_information (citizen_id, description)
              VALUES (61, '9147 Drew Skyway
West Isabel, IA 99452');
INSERT INTO accommodation_information (citizen_id, description)
              VALUES (62, '661 Regina Lights
Scottburgh, MN 73895');
INSERT INTO accommodation_information (citizen_id, description)
              VALUES (63, 'Unit 6131 Box 2791
DPO AA 98140');
INSERT INTO accommodation_information (citizen_id, description)
              VALUES (64, '36799 Jennifer Rapid Suite 100
Gonzalezmouth, MS 75561');
INSERT INTO accommodation_information (citizen_id, description)
              VALUES (65, '84539 Johns Meadows
Lake Danielbury, WY 88711');
INSERT INTO accommodation_information (citizen_id, description)
              VALUES (66, '0695 Stewart Road
Port Michael, OH 43930');
INSERT INTO accommodation_information (citizen_id, description)
              VALUES (67, '234 Johnson Manor Apt. 158
Port Samantha, CO 73603');
INSERT INTO accommodation_information (citizen_id, description)
              VALUES (68, '876 Howard Villages Suite 115
Lovemouth, FL 53918');
INSERT INTO accommodation_information (citizen_id, description)
              VALUES (69, '91928 Cruz Street
Curtisburgh, SC 58764');
INSERT INTO accommodation_information (citizen_id, description)
              VALUES (70, 'USNS Thomas
FPO AP 84933');
INSERT INTO accommodation_information (citizen_id, description)
              VALUES (71, '956 Cody Mount
West Markburgh, SD 21571');
INSERT INTO accommodation_information (citizen_id, description)
              VALUES (72, 'USCGC Jackson
FPO AA 46090');
INSERT INTO accommodation_information (citizen_id, description)
              VALUES (73, '1828 Stanley Manor Apt. 354
East Timothyfort, VT 16674');
INSERT INTO accommodation_information (citizen_id, description) 
              VALUES (74, '995 Jennifer Unions Apt. 173
North Kathrynland, WY 53462');
INSERT INTO accommodation_information (citizen_id, description)
              VALUES (75, '21211 Walker Hollow
Paulview, OR 39149');
INSERT INTO accommodation_information (citizen_id, description)
              VALUES (76, '11691 Anderson Course Suite 672
West Anthonybury, NH 52149');
INSERT INTO accommodation_information (citizen_id, description)
              VALUES (77, '328 Humphrey Ramp Apt. 495
Carolport, DC 24962');
INSERT INTO accommodation_information (citizen_id, description)
              VALUES (78, 'PSC 5837, Box 0732
APO AP 43694');
INSERT INTO accommodation_information (citizen_id, description)
              VALUES (79, '658 Miller Village Suite 265
Kevinview, GU 60201');
INSERT INTO accommodation_information (citizen_id, description)
              VALUES (80, '3277 Savannah Corners Suite 811
Powellland, MS 09551');
INSERT INTO accommodation_information (citizen_id, description)
              VALUES (81, '3834 Donald Cliffs Apt. 109
Lake Brittanytown, OH 10676');
INSERT INTO accommodation_information (citizen_id, description)
              VALUES (82, '935 James Tunnel
South Austin, MP 29694');
INSERT INTO accommodation_information (citizen_id, description)
              VALUES (83, '398 Hall Circle Apt. 560
Samuelstad, KS 67427');
INSERT INTO accommodation_information (citizen_id, description)
              VALUES (84, 'PSC 7760, Box 6271
APO AE 35563');
INSERT INTO accommodation_information (citizen_id, description)
              VALUES (85, 'USNS Matthews
FPO AE 82398');
INSERT INTO accommodation_information (citizen_id, description)
              VALUES (86, '101 Smith Shoals Suite 009
Bartonland, NM 19608');
INSERT INTO accommodation_information (citizen_id, description)
              VALUES (87, 'USNS Turner
FPO AA 96147');
INSERT INTO accommodation_information (citizen_id, description)
              VALUES (88, '00484 Jennifer Rapid
West Kent, PA 45066');
INSERT INTO accommodation_information (citizen_id, description)
              VALUES (89, '20004 Simpson Haven Suite 191
New Troy, WY 49025');
INSERT INTO accommodation_information (citizen_id, description)
              VALUES (90, 'PSC 3000, Box 9242
APO AE 44823');
INSERT INTO accommodation_information (citizen_id, description)
              VALUES (91, '482 Watson Circles Apt. 563
Davischester, RI 33538');
INSERT INTO accommodation_information (citizen_id, description)
              VALUES (92, '11598 Ethan Greens
Griffithland, AZ 77149');
INSERT INTO accommodation_information (citizen_id, description)
              VALUES (93, '685 Campbell Harbor
Anthonyfort, DC 36881');
INSERT INTO accommodation_information (citizen_id, description)
              VALUES (94, '74175 Zachary Plain
Michaelmouth, WY 71528');
INSERT INTO accommodation_information (citizen_id, description)
              VALUES (95, '6089 Holmes Villages
East Scottbury, MN 96640');
INSERT INTO accommodation_information (citizen_id, description)
              VALUES (96, '96237 Lee Turnpike Apt. 115
Rodriguezshire, WY 34602');
INSERT INTO accommodation_information (citizen_id, description)
              VALUES (97, '27285 Perez Gateway Suite 964
Lake Scott, MA 33501');
INSERT INTO accommodation_information (citizen_id, description)
              VALUES (98, '263 Summers Villages
Lorishire, MH 41689');
INSERT INTO accommodation_information (citizen_id, description)
              VALUES (99, '74569 Jenkins Mountain
Reedborough, CA 68785');
INSERT INTO accommodation_information (citizen_id, description)
              VALUES (100, 'USS Travis
FPO AP 43629');

-- Tao du lieu accountant
INSERT INTO accountant (user_id, salary) 
              VALUES (101, 6793.39);
INSERT INTO accountant (user_id, salary) 
              VALUES (102, 6386.11);
INSERT INTO accountant (user_id, salary) 
              VALUES (103, 6736.94);
INSERT INTO accountant (user_id, salary) 
              VALUES (104, 7483.81);
INSERT INTO accountant (user_id, salary) 
              VALUES (105, 4540.82);
INSERT INTO accountant (user_id, salary) 
              VALUES (106, 3070.92);
INSERT INTO accountant (user_id, salary) 
              VALUES (107, 3930.07);
INSERT INTO accountant (user_id, salary)
              VALUES (108, 7068.14);
INSERT INTO accountant (user_id, salary)
              VALUES (109, 5429.84);
INSERT INTO accountant (user_id, salary)
              VALUES (110, 4061.31);

--Them du lieu cho manager
INSERT INTO manager (user_id) VALUES (111);
INSERT INTO manager (user_id) VALUES (112);
INSERT INTO manager (user_id) VALUES (113);
INSERT INTO manager (user_id) VALUES (114);
INSERT INTO manager (user_id) VALUES (115);

--Them du lieu cho service
INSERT INTO service (service_name, description, fee) 
VALUES 
('Gửi xe máy', 'Dịch vụ giữ xe máy hàng tháng', 100000),
('Gửi xe ô tô', 'Dịch vụ giữ xe ô tô hàng tháng', 500000),
('Dọn vệ sinh', 'Dịch vụ dọn dẹp căn hộ định kỳ', 300000),
('Internet', 'Dịch vụ cung cấp Internet tốc độ cao', 200000),
('Truyền hình cáp', 'Dịch vụ truyền hình với nhiều kênh giải trí', 150000),
('Phí quản lý', 'Phí quản lý và vận hành tòa nhà hàng tháng', 250000),
('Nước sinh hoạt', 'Cung cấp nước sinh hoạt theo đồng hồ đo', 2000),
('Điện sinh hoạt', 'Cung cấp điện sinh hoạt theo đồng hồ đo', 2300);

--Tao du lieu service_registration
INSERT INTO service_registration (sr_id, resident_id, service_id)
VALUES (1, 1, 4);
INSERT INTO service_registration (sr_id, resident_id, service_id)
VALUES (2, 1, 8);
INSERT INTO service_registration (sr_id, resident_id, service_id)
VALUES (3, 2, 1);
INSERT INTO service_registration (sr_id, resident_id, service_id)
VALUES (4, 3, 6);
INSERT INTO service_registration (sr_id, resident_id, service_id)
VALUES (5, 3, 5);
INSERT INTO service_registration (sr_id, resident_id, service_id)
VALUES (6, 3, 2);
INSERT INTO service_registration (sr_id, resident_id, service_id)
VALUES (7, 4, 6);
INSERT INTO service_registration (sr_id, resident_id, service_id)
VALUES (8, 4, 5);
INSERT INTO service_registration (sr_id, resident_id, service_id)
VALUES (9, 4, 7);
INSERT INTO service_registration (sr_id, resident_id, service_id)
VALUES (10, 5, 2);
INSERT INTO service_registration (sr_id, resident_id, service_id)
VALUES (11, 5, 1);
INSERT INTO service_registration (sr_id, resident_id, service_id)
VALUES (12, 5, 5);
INSERT INTO service_registration (sr_id, resident_id, service_id)
VALUES (13, 6, 6);
INSERT INTO service_registration (sr_id, resident_id, service_id)
VALUES (14, 7, 2);
INSERT INTO service_registration (sr_id, resident_id, service_id)
VALUES (15, 7, 8);
INSERT INTO service_registration (sr_id, resident_id, service_id)
VALUES (16, 7, 5);
INSERT INTO service_registration (sr_id, resident_id, service_id)
VALUES (17, 8, 7);
INSERT INTO service_registration (sr_id, resident_id, service_id)
VALUES (18, 8, 6);
INSERT INTO service_registration (sr_id, resident_id, service_id)
VALUES (19, 9, 7);
INSERT INTO service_registration (sr_id, resident_id, service_id)
VALUES (20, 9, 5);
INSERT INTO service_registration (sr_id, resident_id, service_id)
VALUES (21, 10, 4);
INSERT INTO service_registration (sr_id, resident_id, service_id)
VALUES (22, 10, 3);
INSERT INTO service_registration (sr_id, resident_id, service_id)
VALUES (23, 10, 8);
INSERT INTO service_registration (sr_id, resident_id, service_id)
VALUES (24, 11, 4);
INSERT INTO service_registration (sr_id, resident_id, service_id)
VALUES (25, 11, 7);
INSERT INTO service_registration (sr_id, resident_id, service_id)
VALUES (26, 12, 8);
INSERT INTO service_registration (sr_id, resident_id, service_id)
VALUES (27, 12, 2);
INSERT INTO service_registration (sr_id, resident_id, service_id)
VALUES (28, 12, 7);
INSERT INTO service_registration (sr_id, resident_id, service_id)
VALUES (29, 13, 7);
INSERT INTO service_registration (sr_id, resident_id, service_id)
VALUES (30, 13, 1);
INSERT INTO service_registration (sr_id, resident_id, service_id)
VALUES (31, 14, 5);
INSERT INTO service_registration (sr_id, resident_id, service_id)
VALUES (32, 15, 2);
INSERT INTO service_registration (sr_id, resident_id, service_id)
VALUES (33, 15, 3);
INSERT INTO service_registration (sr_id, resident_id, service_id)
VALUES (34, 16, 3);
INSERT INTO service_registration (sr_id, resident_id, service_id)
VALUES (35, 16, 1);
INSERT INTO service_registration (sr_id, resident_id, service_id)
VALUES (36, 17, 5);
INSERT INTO service_registration (sr_id, resident_id, service_id)
VALUES (37, 17, 1);
INSERT INTO service_registration (sr_id, resident_id, service_id)
VALUES (38, 17, 4);
INSERT INTO service_registration (sr_id, resident_id, service_id)
VALUES (39, 18, 2);
INSERT INTO service_registration (sr_id, resident_id, service_id)
VALUES (40, 18, 5);
INSERT INTO service_registration (sr_id, resident_id, service_id)
VALUES (41, 18, 3);
INSERT INTO service_registration (sr_id, resident_id, service_id)
VALUES (42, 19, 3);
INSERT INTO service_registration (sr_id, resident_id, service_id)
VALUES (43, 19, 6);
INSERT INTO service_registration (sr_id, resident_id, service_id)
VALUES (44, 19, 4);
INSERT INTO service_registration (sr_id, resident_id, service_id)
VALUES (45, 20, 2);
INSERT INTO service_registration (sr_id, resident_id, service_id)
VALUES (46, 20, 6);
INSERT INTO service_registration (sr_id, resident_id, service_id)
VALUES (47, 20, 3);

-- Them du lieu bang collection_period
INSERT INTO collection_period (cp_name, resident_id, accountant_id, collection_date)
VALUES ('Đợt thu phí tháng 1', 1, 9, '2025-02-24');
INSERT INTO collection_period (cp_name, resident_id, accountant_id, collection_date)
VALUES ('Đợt thu phí tháng 1', 2, 7, '2025-02-24');
INSERT INTO collection_period (cp_name, resident_id, accountant_id, collection_date)
VALUES ('Đợt thu phí tháng 1', 3, 5, '2025-02-24');
INSERT INTO collection_period (cp_name, resident_id, accountant_id, collection_date)
VALUES ('Đợt thu phí tháng 1', 4, 1, '2025-02-24');
INSERT INTO collection_period (cp_name, resident_id, accountant_id, collection_date)
VALUES ('Đợt thu phí tháng 1', 5, 1, '2025-02-24');
INSERT INTO collection_period (cp_name, resident_id, accountant_id, collection_date)
VALUES ('Đợt thu phí tháng 1', 6, 8, '2025-02-24');
INSERT INTO collection_period (cp_name, resident_id, accountant_id, collection_date)
VALUES ('Đợt thu phí tháng 1', 7, 7, '2025-02-24');
INSERT INTO collection_period (cp_name, resident_id, accountant_id, collection_date)
VALUES ('Đợt thu phí tháng 1', 8, 5, '2025-02-24');
INSERT INTO collection_period (cp_name, resident_id, accountant_id, collection_date)
VALUES ('Đợt thu phí tháng 1', 9, 2, '2025-02-24');
INSERT INTO collection_period (cp_name, resident_id, accountant_id, collection_date)
VALUES ('Đợt thu phí tháng 1', 10, 4, '2025-02-24');
INSERT INTO collection_period (cp_name, resident_id, accountant_id, collection_date)
VALUES ('Đợt thu phí tháng 1', 11, 3, '2025-02-24');
INSERT INTO collection_period (cp_name, resident_id, accountant_id, collection_date)
VALUES ('Đợt thu phí tháng 1', 12, 5, '2025-02-24');
INSERT INTO collection_period (cp_name, resident_id, accountant_id, collection_date)
VALUES ('Đợt thu phí tháng 1', 13, 2, '2025-02-24');
INSERT INTO collection_period (cp_name, resident_id, accountant_id, collection_date)
VALUES ('Đợt thu phí tháng 1', 14, 5, '2025-02-24');
INSERT INTO collection_period (cp_name, resident_id, accountant_id, collection_date)
VALUES ('Đợt thu phí tháng 1', 15, 3, '2025-02-24');
INSERT INTO collection_period (cp_name, resident_id, accountant_id, collection_date)
VALUES ('Đợt thu phí tháng 1', 16, 4, '2025-02-24');
INSERT INTO collection_period (cp_name, resident_id, accountant_id, collection_date)
VALUES ('Đợt thu phí tháng 1', 17, 4, '2025-02-24');
INSERT INTO collection_period (cp_name, resident_id, accountant_id, collection_date)
VALUES ('Đợt thu phí tháng 1', 18, 7, '2025-02-24');
INSERT INTO collection_period (cp_name, resident_id, accountant_id, collection_date)
VALUES ('Đợt thu phí tháng 1', 19, 3, '2025-02-24');
INSERT INTO collection_period (cp_name, resident_id, accountant_id, collection_date)
VALUES ('Đợt thu phí tháng 1', 20, 3, '2025-02-24');
INSERT INTO collection_period (cp_name, resident_id, accountant_id, collection_date)
VALUES ('Đợt thu phí tháng 2', 1, 3, '2025-02-18');
INSERT INTO collection_period (cp_name, resident_id, accountant_id, collection_date)
VALUES ('Đợt thu phí tháng 2', 2, 1, '2025-02-18');
INSERT INTO collection_period (cp_name, resident_id, accountant_id, collection_date)
VALUES ('Đợt thu phí tháng 2', 3, 9, '2025-02-18');
INSERT INTO collection_period (cp_name, resident_id, accountant_id, collection_date)
VALUES ('Đợt thu phí tháng 2', 4, 7, '2025-02-18');
INSERT INTO collection_period (cp_name, resident_id, accountant_id, collection_date)
VALUES ('Đợt thu phí tháng 2', 5, 10, '2025-02-18');
INSERT INTO collection_period (cp_name, resident_id, accountant_id, collection_date)
VALUES ('Đợt thu phí tháng 2', 6, 4, '2025-02-18');
INSERT INTO collection_period (cp_name, resident_id, accountant_id, collection_date)
VALUES ('Đợt thu phí tháng 2', 7, 7, '2025-02-18');
INSERT INTO collection_period (cp_name, resident_id, accountant_id, collection_date)
VALUES ('Đợt thu phí tháng 2', 8, 3, '2025-02-18');
INSERT INTO collection_period (cp_name, resident_id, accountant_id, collection_date)
VALUES ('Đợt thu phí tháng 2', 9, 6, '2025-02-18');
INSERT INTO collection_period (cp_name, resident_id, accountant_id, collection_date)
VALUES ('Đợt thu phí tháng 2', 10, 8, '2025-02-18');
INSERT INTO collection_period (cp_name, resident_id, accountant_id, collection_date)
VALUES ('Đợt thu phí tháng 2', 11, 6, '2025-02-18');
INSERT INTO collection_period (cp_name, resident_id, accountant_id, collection_date)
VALUES ('Đợt thu phí tháng 2', 12, 2, '2025-02-18');
INSERT INTO collection_period (cp_name, resident_id, accountant_id, collection_date)
VALUES ('Đợt thu phí tháng 2', 13, 7, '2025-02-18');
INSERT INTO collection_period (cp_name, resident_id, accountant_id, collection_date)
VALUES ('Đợt thu phí tháng 2', 14, 10, '2025-02-18');
INSERT INTO collection_period (cp_name, resident_id, accountant_id, collection_date)
VALUES ('Đợt thu phí tháng 2', 15, 10, '2025-02-18');
INSERT INTO collection_period (cp_name, resident_id, accountant_id, collection_date)
VALUES ('Đợt thu phí tháng 2', 16, 2, '2025-02-18');
INSERT INTO collection_period (cp_name, resident_id, accountant_id, collection_date)
VALUES ('Đợt thu phí tháng 2', 17, 1, '2025-02-18');
INSERT INTO collection_period (cp_name, resident_id, accountant_id, collection_date)
VALUES ('Đợt thu phí tháng 2', 18, 10, '2025-02-18');
INSERT INTO collection_period (cp_name, resident_id, accountant_id, collection_date)
VALUES ('Đợt thu phí tháng 2', 19, 5, '2025-02-18');
INSERT INTO collection_period (cp_name, resident_id, accountant_id, collection_date)
VALUES ('Đợt thu phí tháng 2', 20, 7, '2025-02-18');
INSERT INTO collection_period (cp_name, resident_id, accountant_id, collection_date)
VALUES ('Đợt thu phí tháng 3', 1, 5, '2025-04-02');
INSERT INTO collection_period (cp_name, resident_id, accountant_id, collection_date)
VALUES ('Đợt thu phí tháng 3', 2, 6, '2025-04-02');
INSERT INTO collection_period (cp_name, resident_id, accountant_id, collection_date)
VALUES ('Đợt thu phí tháng 3', 3, 10, '2025-04-02');
INSERT INTO collection_period (cp_name, resident_id, accountant_id, collection_date)
VALUES ('Đợt thu phí tháng 3', 4, 7, '2025-04-02');
INSERT INTO collection_period (cp_name, resident_id, accountant_id, collection_date)
VALUES ('Đợt thu phí tháng 3', 5, 10, '2025-04-02');
INSERT INTO collection_period (cp_name, resident_id, accountant_id, collection_date)
VALUES ('Đợt thu phí tháng 3', 6, 1, '2025-04-02');
INSERT INTO collection_period (cp_name, resident_id, accountant_id, collection_date)
VALUES ('Đợt thu phí tháng 3', 7, 7, '2025-04-02');
INSERT INTO collection_period (cp_name, resident_id, accountant_id, collection_date)
VALUES ('Đợt thu phí tháng 3', 8, 4, '2025-04-02');
INSERT INTO collection_period (cp_name, resident_id, accountant_id, collection_date)
VALUES ('Đợt thu phí tháng 3', 9, 9, '2025-04-02');
INSERT INTO collection_period (cp_name, resident_id, accountant_id, collection_date)
VALUES ('Đợt thu phí tháng 3', 10, 10, '2025-04-02');
INSERT INTO collection_period (cp_name, resident_id, accountant_id, collection_date)
VALUES ('Đợt thu phí tháng 3', 11, 6, '2025-04-02');
INSERT INTO collection_period (cp_name, resident_id, accountant_id, collection_date)
VALUES ('Đợt thu phí tháng 3', 12, 3, '2025-04-02');
INSERT INTO collection_period (cp_name, resident_id, accountant_id, collection_date)
VALUES ('Đợt thu phí tháng 3', 13, 7, '2025-04-02');
INSERT INTO collection_period (cp_name, resident_id, accountant_id, collection_date)
VALUES ('Đợt thu phí tháng 3', 14, 4, '2025-04-02');
INSERT INTO collection_period (cp_name, resident_id, accountant_id, collection_date)
VALUES ('Đợt thu phí tháng 3', 15, 3, '2025-04-02');
INSERT INTO collection_period (cp_name, resident_id, accountant_id, collection_date)
VALUES ('Đợt thu phí tháng 3', 16, 2, '2025-04-02');
INSERT INTO collection_period (cp_name, resident_id, accountant_id, collection_date)
VALUES ('Đợt thu phí tháng 3', 17, 4, '2025-04-02');
INSERT INTO collection_period (cp_name, resident_id, accountant_id, collection_date)
VALUES ('Đợt thu phí tháng 3', 18, 10, '2025-04-02');
INSERT INTO collection_period (cp_name, resident_id, accountant_id, collection_date)
VALUES ('Đợt thu phí tháng 3', 19, 2, '2025-04-02');
INSERT INTO collection_period (cp_name, resident_id, accountant_id, collection_date)
VALUES ('Đợt thu phí tháng 3', 20, 6, '2025-04-02');

--Them du lieu cho payment
INSERT INTO payment (citizen_id, cp_id,cost) VALUES (1, 1,200000);
INSERT INTO payment (citizen_id, cp_id,cost) VALUES (1, 2,276000);
INSERT INTO payment (citizen_id, cp_id,cost) VALUES (2, 3,100000);
INSERT INTO payment (citizen_id, cp_id,cost) VALUES (3, 4,250000);
INSERT INTO payment (citizen_id, cp_id,cost) VALUES (3, 5,150000);
INSERT INTO payment (citizen_id, cp_id,cost) VALUES (3, 6,500000);
INSERT INTO payment (citizen_id, cp_id,cost) VALUES (4, 7,250000);
INSERT INTO payment (citizen_id, cp_id,cost) VALUES (4, 8,150000);
INSERT INTO payment (citizen_id, cp_id,cost) VALUES (4, 9,60000);
INSERT INTO payment (citizen_id, cp_id,cost) VALUES (5, 10,500000);
INSERT INTO payment (citizen_id, cp_id,cost) VALUES (5, 11,100000);
INSERT INTO payment (citizen_id, cp_id,cost) VALUES (5, 12,150000);
INSERT INTO payment (citizen_id, cp_id,cost) VALUES (6, 13,250000);
INSERT INTO payment (citizen_id, cp_id,cost) VALUES (7, 14,500000);
INSERT INTO payment (citizen_id, cp_id,cost) VALUES (7, 15,276000);
INSERT INTO payment (citizen_id, cp_id,cost) VALUES (7, 16,150000);
INSERT INTO payment (citizen_id, cp_id,cost) VALUES (8, 17,60000);
INSERT INTO payment (citizen_id, cp_id,cost) VALUES (8, 18,250000);
INSERT INTO payment (citizen_id, cp_id,cost) VALUES (9, 19,60000);
INSERT INTO payment (citizen_id, cp_id,cost) VALUES (9, 20,150000);
INSERT INTO payment (citizen_id, cp_id,cost) VALUES (10, 21,200000);
INSERT INTO payment (citizen_id, cp_id,cost) VALUES (10, 22,300000);
INSERT INTO payment (citizen_id, cp_id,cost) VALUES (10, 23,276000);
INSERT INTO payment (citizen_id, cp_id,cost) VALUES (11, 24,200000);
INSERT INTO payment (citizen_id, cp_id,cost) VALUES (11, 25,60000);
INSERT INTO payment (citizen_id, cp_id,cost) VALUES (12, 26,276000);
INSERT INTO payment (citizen_id, cp_id,cost) VALUES (12, 27,500000);
INSERT INTO payment (citizen_id, cp_id,cost) VALUES (12, 28,60000);
INSERT INTO payment (citizen_id, cp_id,cost) VALUES (13, 29,60000);
INSERT INTO payment (citizen_id, cp_id,cost) VALUES (13, 30,100000);
INSERT INTO payment (citizen_id, cp_id,cost) VALUES (14, 31,150000);
INSERT INTO payment (citizen_id, cp_id,cost) VALUES (15, 32,500000);
INSERT INTO payment (citizen_id, cp_id,cost) VALUES (15, 33,300000);
INSERT INTO payment (citizen_id, cp_id,cost) VALUES (16, 34,300000);
INSERT INTO payment (citizen_id, cp_id,cost) VALUES (16, 35,100000);
INSERT INTO payment (citizen_id, cp_id,cost) VALUES (17, 36,150000);
INSERT INTO payment (citizen_id, cp_id,cost) VALUES (17, 37,100000);
INSERT INTO payment (citizen_id, cp_id,cost) VALUES (17, 38,200000);
INSERT INTO payment (citizen_id, cp_id,cost) VALUES (18, 39,500000);
INSERT INTO payment (citizen_id, cp_id,cost) VALUES (18, 40,150000);
INSERT INTO payment (citizen_id, cp_id,cost) VALUES (18, 41,300000);
INSERT INTO payment (citizen_id, cp_id,cost) VALUES (19, 42,300000);
INSERT INTO payment (citizen_id, cp_id,cost) VALUES (19, 43,250000);
INSERT INTO payment (citizen_id, cp_id,cost) VALUES (19, 44,200000);
INSERT INTO payment (citizen_id, cp_id,cost) VALUES (20, 45,500000);
INSERT INTO payment (citizen_id, cp_id,cost) VALUES (20, 46,250000);
INSERT INTO payment (citizen_id, cp_id,cost) VALUES (20, 47,300000);

-- Them du lieu cho revenue
INSERT INTO revenue (revenue_name, cost)
SELECT 
    CONCAT('Doanh thu từ đợt thu phí: ', cp.cp_name) AS revenue_name,
    SUM(p.cost) AS total_cost
FROM 
    collection_period cp
JOIN 
    payment p ON cp.cp_id = p.cp_id
GROUP BY 
    cp.cp_name;

UPDATE service_registration
SET quantity = 3
WHERE service_id IN (1,2);

UPDATE service_registration
SET quantity = 40
WHERE service_id IN (7,8);